,baseMean,log2FoldChange,pvalue,padj
FBgn0261086,8.01408850566875,-2.0911961432342556,0.038178833718965674,0.8625172805091849
FBgn0263620,13.491089291814069,-2.872620525750228,0.03440576955995183,0.8625172805091849
FBgn0265082,120.88384188186525,-2.4385219430356933,0.09399531744304046,0.8625172805091849
FBgn0037294,4.3224514664700395,-2.7651803861435083,0.13461961655514876,0.8625172805091849
FBgn0260766,27.948849973708345,-2.491767815968945,0.04904758239985243,0.8625172805091849
FBgn0015575,10.29766364061319,-3.081872247726849,0.07049164329385865,0.8625172805091849
FBgn0037565,8.46829365553451,-3.035579832765016,0.008437776120076743,0.8625172805091849
FBgn0037666,6.919504927049984,-3.891322924970276,0.3739009663000589,0.8625172805091849
FBgn0286030,8.279179858906568,-2.3692657195968865,0.29340579084092355,0.8625172805091849
FBgn0037683,5.25315694858351,-2.7645287450554394,0.19337478248077866,0.8625172805091849
FBgn0037685,41.86875948166364,-2.1543529025610346,0.02676222398765343,0.8625172805091849
FBgn0037772,6.787332779037815,-3.3798726279068365,0.0038356041194173053,0.8011589854252893
FBgn0004595,54.18898700580042,-2.1160107716928893,0.20308537314851544,0.8625172805091849
FBgn0037908,18.225371376301748,-2.1760187275200895,0.2478021292968109,0.8625172805091849
FBgn0037934,8.790850546378213,-2.8852501936492865,0.010955786060358016,0.8625172805091849
FBgn0037962,3.8545424862572646,-2.242947026090627,0.2919060866182415,0.8625172805091849
FBgn0038018,3.6791541797501535,-2.159387965541656,0.1504744044629689,0.8625172805091849
FBgn0038113,11.484183687564526,-2.7000340798864046,0.16931599574466555,0.8625172805091849
FBgn0038130,17.507084873618933,-3.780474278567498,0.38134482927646013,0.8625172805091849
FBgn0038153,3.309218499210157,-2.4328985943839188,0.11292555673763957,0.8625172805091849
FBgn0038172,8.338423030034173,-2.320586934185704,0.016475448864151258,0.8625172805091849
FBgn0038261,5.114989284163579,-3.489283269340246,0.03463033811521177,0.8625172805091849
FBgn0038342,27.321957061814548,-2.059316734797008,0.007305869642334031,0.8625172805091849
FBgn0262028,9.922194000531022,-3.027241177215115,0.3968910325458824,0.8625172805091849
FBgn0038391,17.6842586142694,-5.1846182021315,0.1983667120309243,0.8625172805091849
FBgn0003117,111.54575998650354,2.4811886167105053,0.27115378243318927,0.8625172805091849
FBgn0038394,12.408094335046895,2.0188084345002593,0.18082207157868851,0.8625172805091849
FBgn0038412,5.62576558886597,-2.021929331580398,0.05607842340126086,0.8625172805091849
FBgn0038414,4.845972252343583,-2.242219604418153,0.17420462598277395,0.8625172805091849
FBgn0038494,4.5068227874073115,3.323895393258075,0.373900966300059,0.8625172805091849
FBgn0038529,4.3514249514120165,-3.2784085552167888,0.32350288829257645,0.8625172805091849
FBgn0267702,5.837753971007924,-3.1728899517790174,0.1624470726872355,0.8625172805091849
FBgn0000477,167.08030190214888,-4.620302881412057,0.2950601331698663,0.8625172805091849
FBgn0038595,5.143991595200229,-2.3509659706642263,0.12612359117010263,0.8625172805091849
FBgn0038612,10.023650449592836,3.0776145722563975,0.13020550098566241,0.8625172805091849
FBgn0004652,10.743742562701103,-2.309795933900779,0.19846937209819138,0.8625172805091849
FBgn0038629,4.120861647969907,-3.208161894789934,0.1644159716457931,0.8625172805091849
FBgn0038676,5.5204054756670695,-2.7265308540032667,0.15669264074489406,0.8625172805091849
FBgn0038718,5.107253636632131,-3.4872943296642736,0.3739009663000589,0.8625172805091849
FBgn0038752,7.120935679483947,-2.408890799443957,0.20666851012654286,0.8625172805091849
FBgn0038753,15.80590403297605,-2.2857579824064573,0.0852461710263527,0.8625172805091849
FBgn0263400,6.132704100057331,-2.874609809593143,0.17522394751538245,0.8625172805091849
FBgn0038865,4.300439223925171,-3.2631664135814282,0.13510785119676078,0.8625172805091849
FBgn0260004,8.101755753724044,-4.1046311666355235,0.16293505962099797,0.8625172805091849
FBgn0267723,8.61441544383,-2.050379191778651,0.12226006662681639,0.8625172805091849
FBgn0054034,6.608155297315669,2.2471447685837314,0.29359482297736644,0.8625172805091849
FBgn0051343,5.272003753942845,-3.5290722381161803,0.3739009663000589,0.8625172805091849
FBgn0051431,248.1453800441982,-3.0330569754211516,0.1552923851651358,0.8625172805091849
FBgn0038958,14.200709475589102,-4.16586255416771,0.36024963514580194,0.8625172805091849
FBgn0039024,12.90394359901439,-2.385563291474698,0.23925347791915708,0.8625172805091849
FBgn0017590,6.321840538398213,-2.1234432552085196,0.24829024947825643,0.8625172805091849
FBgn0039058,3.4682427011916737,-2.988500264912761,0.27561196087683565,0.8625172805091849
FBgn0011596,10.623227575364677,-4.475503563824984,0.035519181461333676,0.8625172805091849
FBgn0039070,4.29814085847367,-2.835393790106386,0.1421337774730879,0.8625172805091849
FBgn0039081,9.552071202377649,-4.329420890374291,0.3739009663000589,0.8625172805091849
FBgn0085384,27.127870875969663,2.403881497813001,0.21237111053610122,0.8625172805091849
FBgn0039131,9.86635114904997,-2.994188788568324,0.15858080323708754,0.8625172805091849
FBgn0039178,3.446089479697827,-2.5431782436089296,0.3944910129592327,0.8625172805091849
FBgn0085319,4.181311624656273,-2.0284374540152412,0.19068336110381195,0.8625172805091849
FBgn0039184,3.9282649246058257,-2.7157366435689014,0.21351005304132392,0.8625172805091849
FBgn0039283,31.42684054129023,-2.0033888013196415,0.17133046843555666,0.8625172805091849
FBgn0039310,9.596386025875898,-2.5645496397990515,0.37932469057527923,0.8625172805091849
FBgn0039332,3.457621597579555,-2.984633677723157,0.27743607786316193,0.8625172805091849
FBgn0039415,15.41974389425008,-4.992745221882786,0.373900966300059,0.8625172805091849
FBgn0263118,4.3344444760786525,-3.2733501197637733,0.1732968424909232,0.8625172805091849
FBgn0039448,11.885743447651294,2.1780684105596695,0.4615262939009059,0.8650418953258558
FBgn0085391,16.65930981179199,2.0341253631211926,0.48654341270048496,0.8659069196660111
FBgn0085465,4.160144111452904,3.220374569828846,0.3739009663000589,0.8625172805091849
FBgn0053203,5.8338616505591965,-2.2407980309066167,0.15765989487169993,0.8625172805091849
FBgn0039694,7.381792289800569,-3.9785237303913576,0.373900966300059,0.8625172805091849
FBgn0039774,14.746980353233631,-3.3004603324849806,0.13778835201352022,0.8625172805091849
FBgn0039795,8.226272907223914,-2.1325281760501134,0.3193230899949457,0.8625172805091849
FBgn0039804,28.474023356357296,-2.2635581092483656,0.20238498245399048,0.8625172805091849
FBgn0039805,23.90219604214448,-5.608939081878286,0.32188417298246275,0.8625172805091849
FBgn0039818,4.680162125384516,3.3729972511604815,0.373900966300059,0.8625172805091849
FBgn0051002,6.68388471904603,-3.4331761610205693,0.3676258250493197,0.8625172805091849
FBgn0039862,20.49884436109887,-2.1585458267846804,0.014443376291606878,0.8625172805091849
FBgn0039873,4.021924716790589,-3.1769369735982926,0.3739009663000589,0.8625172805091849
FBgn0035179,12.150024944928676,-2.4208984396152236,0.3048875718753608,0.8625172805091849
FBgn0053971,5.289182195275825,-2.6843839757096077,0.4061291415131283,0.8625172805091849
FBgn0035344,4.01060439990168,-3.1733207608240397,0.26219864445716057,0.8625172805091849
FBgn0054025,19.275763725353524,-5.305661506475648,0.373900966300059,0.8625172805091849
FBgn0001254,122.23098452546274,-7.55665605808181,0.3021789125009761,0.8625172805091849
FBgn0035468,7.048458347851269,-2.4358655688954505,0.00560228227562134,0.8537352974083582
FBgn0004880,14.110640706047553,-2.1069264604316817,0.026685963866776085,0.8625172805091849
FBgn0045479,31.808286792739192,-2.023373610351289,0.2614319083486521,0.8625172805091849
FBgn0003710,30.65433976269786,-3.8782413422874686,0.00014902178043108106,0.36335235613608335
FBgn0014073,4.715088813984663,2.2374414391949666,0.24908195082994936,0.8625172805091849
FBgn0035557,10.017927745088555,4.394778585983802,0.19085193454111424,0.8625172805091849
FBgn0052407,3.26926445536297,-2.4743405802247533,0.3245403041556336,0.8625172805091849
FBgn0053993,14.551473255143037,-3.8325126516575696,0.26160107730849785,0.8625172805091849
FBgn0263973,7.113898886278108,-3.928635410820353,0.13163480482158296,0.8625172805091849
FBgn0035709,58.1503216938979,-2.414894101827199,0.20098822080108653,0.8625172805091849
FBgn0035710,102.12585085077824,-2.7785008197133383,0.1691098272192082,0.8625172805091849
FBgn0053556,24.46695520188878,-2.1172782917847015,0.41071912493493634,0.8625172805091849
FBgn0035751,30.82448218992711,-2.510267622041354,0.1090876369181755,0.8625172805091849
FBgn0035798,19.33334351537348,-2.381735610800388,0.25528408794203156,0.8625172805091849
FBgn0035813,3.7729160592314024,-3.095220975778659,0.373900966300059,0.8625172805091849
FBgn0035934,6.441067933702024,-3.048955253169406,0.01807350577407284,0.8625172805091849
FBgn0035952,4.982945272388388,2.3245299043889114,0.02545165630407622,0.8625172805091849
FBgn0001229,41.83425736952671,-2.764967905880047,0.09148845612463595,0.8625172805091849
FBgn0261555,5.139861604642879,3.4956597610735165,0.13291805749740604,0.8625172805091849
FBgn0036040,7.353464640627,-2.469353092234347,0.20319852259891003,0.8625172805091849
FBgn0052053,55.43293896768398,-6.420801390374693,0.3100323612601109,0.8625172805091849
FBgn0036106,3.4741673955555936,-2.194575767393779,0.26642311328839613,0.8625172805091849
FBgn0036128,5.4419658142833,2.761158348066303,0.004739999545643582,0.8203349602817668
FBgn0052086,3.6800445522881238,2.5874755127371714,0.18697195480231082,0.8625172805091849
FBgn0036208,7.341511349063896,2.1870777798819954,0.031087995095183747,0.8625172805091849
FBgn0036227,4.192631941545183,-2.032356809973147,0.2907350689443415,0.8625172805091849
FBgn0036232,4.136432621378002,-3.2130151892082144,0.07639103443911412,0.8625172805091849
FBgn0041096,23.78250051638283,-4.293417479866331,0.1143633938112891,0.8625172805091849
FBgn0036242,4.308973763078607,-3.265729055142784,0.15060129740886483,0.8625172805091849
FBgn0036259,9.995510399119123,-2.140185120720592,0.13885781545363696,0.8625172805091849
FBgn0036282,22.93938492362686,-3.408814528495858,0.007355544286141191,0.8625172805091849
FBgn0036319,6.559929502946974,-2.650908075920072,0.340756610814619,0.8625172805091849
FBgn0036377,3.8091119240024742,-2.5960279889096958,0.033716600228978426,0.8625172805091849
FBgn0036381,16.529535314913527,-2.313450939889375,0.20261487431394765,0.8625172805091849
FBgn0036411,11.825007826060151,-3.2849577935447933,0.1362539696824452,0.8625172805091849
FBgn0036447,4.466019123228668,-2.411135037036008,0.41551558140979367,0.8625172805091849
FBgn0036474,39.20268406559117,-2.5471376030095496,0.2366435536677934,0.8625172805091849
FBgn0036479,16.76967089297775,2.201834572674296,0.35434242908856795,0.8625172805091849
FBgn0036494,16.281207825664694,-2.420806046364438,0.24761795692219019,0.8625172805091849
FBgn0036560,9.07548054595347,-2.0835056205712887,0.14330593626228852,0.8625172805091849
FBgn0036568,6.005438215699772,-2.8275250422952,0.1211077456924678,0.8625172805091849
FBgn0036596,5.476374980364741,-3.5792706711091866,0.12420683677734348,0.8625172805091849
FBgn0036712,4.147834835682441,-2.7098388896038235,0.27882817453310693,0.8625172805091849
FBgn0036738,5.514575512178965,-3.5884629205959357,0.2673955375056931,0.8625172805091849
FBgn0052181,3.80403878222775,2.263461465345973,0.3840022003777293,0.8625172805091849
FBgn0261997,9.835854679051009,-3.266516611848348,0.09079864893905039,0.8625172805091849
FBgn0261998,7.405042164950937,-3.574009834341162,0.33646699612953634,0.8625172805091849
FBgn0036768,4.2193679269304445,-2.3316444832883643,0.418408520285938,0.8625172805091849
FBgn0052201,11.867320473000554,-2.2513651919628184,0.09083297486573923,0.8625172805091849
FBgn0052199,11.759902286645437,-2.7547066724458,0.025146117603909095,0.8625172805091849
FBgn0267572,9.48220256610517,-2.764830063266699,0.14913744643918586,0.8625172805091849
FBgn0016797,101.53974549625076,-2.15043893135581,0.14088188187452122,0.8625172805091849
FBgn0036862,6.4386946825805005,-3.794664286421748,0.264863192981171,0.8625172805091849
FBgn0005564,46.73167001449887,-2.4954869303561895,0.278348039341938,0.8625172805091849
FBgn0037014,5.0132554998771,-3.4629044615531543,0.26219864445716057,0.8625172805091849
FBgn0086913,14.078819273470648,-2.412438350180039,0.44076550232420214,0.8625172805091849
FBgn0053288,35.48718999099633,2.9776500734161173,0.23915844087063523,0.8625172805091849
FBgn0037123,4.35585484794766,-2.04012672288999,0.181843438333006,0.8625172805091849
FBgn0037181,5.521091153271066,2.474773984028782,0.420260151489961,0.8625172805091849
FBgn0266762,4.314060211803167,-2.3810326804232704,0.07123221185776817,0.8625172805091849
FBgn0264911,14.228194554476195,-2.0472782723839056,0.09365416755791874,0.8625172805091849
FBgn0053349,3.620229773573143,-3.042724794678181,0.08185098637655282,0.8625172805091849
FBgn0024294,13.253163119665963,2.774656722577829,0.42444677152334953,0.8625172805091849
FBgn0033153,26.29692683298981,-2.2699739220887114,0.4494597467198123,0.864233999771503
FBgn0266622,4.172694243033816,-2.334545065343178,0.110267307348105,0.8625172805091849
FBgn0041243,5.781034503411269,-2.535111993815806,0.1237677833946918,0.8625172805091849
FBgn0033188,106.2916765968472,-2.4812759712455374,0.0003224829382187594,0.5474410242951804
FBgn0004133,4.312678870833865,-2.39909685451073,0.011478404306348366,0.8625172805091849
FBgn0033202,4.062137631019817,-2.1078000886877484,0.43456900595820946,0.8625172805091849
FBgn0033275,15.34379602125268,-4.985846127585532,0.18737016642899276,0.8625172805091849
FBgn0033294,4.021924716790589,-3.1769369735982926,0.3739009663000589,0.8625172805091849
FBgn0260474,3.6266223714094536,-3.0449614228805264,0.3109459901102679,0.8625172805091849
FBgn0266631,22.186411813930494,-3.0400908306242185,0.2706167678240008,0.8625172805091849
FBgn0033572,4.681624399310235,-3.373404442594127,0.3032694968904346,0.8625172805091849
FBgn0033591,7.740145664308762,2.0998480240111097,0.4620637985360641,0.8650418953258558
FBgn0033640,4.518507325428003,-2.093589981134348,0.07299356105594111,0.8625172805091849
FBgn0004839,25.179160528398203,-4.182299992484153,0.14834203686251377,0.8625172805091849
FBgn0033733,9.745677118256996,-2.4433123438266633,0.24259270583365058,0.8625172805091849
FBgn0033742,8.290976512707761,-2.2051425038309067,0.08325195842078516,0.8625172805091849
FBgn0033753,14.882658629253628,-2.836147724099393,0.015452479471852298,0.8625172805091849
FBgn0266804,7.321229641415594,-2.6100977478074667,0.07793124264619963,0.8625172805091849
FBgn0265186,7.390903724045611,3.538866328856378,0.1685400975764487,0.8625172805091849
FBgn0002789,9.102688294646518,4.26343834816945,0.29274067317243707,0.8625172805091849
FBgn0050065,4.125976257650433,-2.337487547637779,0.2569377858274337,0.8625172805091849
FBgn0261990,19.62752516647814,-2.294551360012208,0.15516242712805567,0.8625172805091849
FBgn0033863,7.916315081508192,2.1322429326008865,0.4575156742982034,0.8646330905467017
FBgn0261041,4.6528539455269735,-2.1518610564048637,0.2692348186636607,0.8625172805091849
FBgn0020269,4.854264524010649,-2.943804092983291,0.29456786416224734,0.8625172805091849
FBgn0013771,11.246796495201359,-2.3917861649494507,0.07253691247898127,0.8625172805091849
FBgn0034005,5.8151340956344955,2.5471639539665056,0.39408671316927,0.8625172805091849
FBgn0034013,28.370141975046575,-2.3099693072823606,0.15531038914255751,0.8625172805091849
FBgn0085217,3.4448364019069326,-2.979965470821347,0.3739009663000589,0.8625172805091849
FBgn0034030,5.107778644844878,-2.661521586953195,0.07940184576027633,0.8625172805091849
FBgn0034031,19.26522277614128,-2.2458657837732425,0.02962747793725511,0.8625172805091849
FBgn0050090,3.3489154955242797,-2.0098888618648076,0.07550367046723262,0.8625172805091849
FBgn0053462,3.276272429153091,2.441723051526749,0.04484492370479231,0.8625172805091849
FBgn0034085,6.828435852516988,-3.4095655696373055,0.13386831633465485,0.8625172805091849
FBgn0261612,4.499975704081687,-2.819348195895876,0.1309223771888012,0.8625172805091849
FBgn0034106,22.291522913995404,-2.111207364064806,0.04072921276881007,0.8625172805091849
FBgn0264273,106.63139584547736,-2.132754452134428,0.2268387598222793,0.8625172805091849
FBgn0034157,12.245862459791319,-2.047507620058508,0.2689627321241871,0.8625172805091849
FBgn0034175,15.572125302714598,-3.7049684191868133,0.0277741746843404,0.8625172805091849
FBgn0034278,3.295527354427025,-2.054150766404551,0.20365615282656696,0.8625172805091849
FBgn0262476,4.327724307985845,2.80336150628214,0.39189285521311734,0.8625172805091849
FBgn0034387,13.968602819105966,-2.2476280559768433,0.3602152311473404,0.8625172805091849
FBgn0265661,4.916528392732153,2.0285850624720245,0.18048717660368122,0.8625172805091849
FBgn0034417,6.975425993994215,-2.538580556813625,0.15361147853044066,0.8625172805091849
FBgn0264753,29.470305969756055,2.0859504390403867,0.4427912005112933,0.8625172805091849
FBgn0261581,8.138045536335827,-3.2917234949695118,0.15925208956543171,0.8625172805091849
FBgn0034499,4.5609695891331015,-2.10722706491432,0.35866950554188065,0.8625172805091849
FBgn0034520,3.4639920446724886,-2.986954067185585,0.23329536816685661,0.8625172805091849
FBgn0050147,40.7391555749168,-2.072556306094227,0.009762709112269244,0.8625172805091849
FBgn0034541,5.033245633535719,2.0722976669698774,0.3080854668066327,0.8625172805091849
FBgn0015721,74.6959162428749,-2.0093905041059297,0.2966333363009601,0.8625172805091849
FBgn0027073,4.808884273455203,-3.4084086929907467,0.13730692194659092,0.8625172805091849
FBgn0034636,5.55022582818611,-2.4234289881053046,0.37827111323911905,0.8625172805091849
FBgn0046297,8.521713208178808,-2.3737278281258045,0.17507590674766918,0.8625172805091849
FBgn0034709,5.397577138456626,-2.097552415986707,0.39840388633519386,0.8625172805091849
FBgn0034755,6.663151261814035,-2.7032692212646703,0.03433410777014996,0.8625172805091849
FBgn0260768,6.26781735390493,2.658799241585844,0.09059479297349303,0.8625172805091849
FBgn0004896,6.222799771716769,-2.46997094950841,0.0037658916765345497,0.8011589854252893
FBgn0041236,10.882283304750544,-2.2533683128073014,0.2121366860063168,0.8625172805091849
FBgn0085400,57.252698721101986,-2.441269698296559,0.16939665550304572,0.8625172805091849
FBgn0263084,11.192784853861113,-2.022637445954285,0.012822353853326363,0.8625172805091849
FBgn0046253,37.4445877657605,-2.3143596109862297,0.16311609546040207,0.8625172805091849
FBgn0041233,13.251526664318822,-2.353568050179116,0.017899509583360614,0.8625172805091849
FBgn0034911,3.0439948741646465,2.825376517261274,0.3362704877505703,0.8625172805091849
FBgn0034950,18.490995499374545,-5.247243627776967,0.13105575269475417,0.8625172805091849
FBgn0034972,11.382068455532703,-2.141018126874504,0.024318416909100447,0.8625172805091849
FBgn0035091,36.58113153441154,-2.392853359404729,0.1317620695106895,0.8625172805091849
FBgn0004919,7.862811721935759,-2.0609882565481255,0.20098556312528967,0.8625172805091849
FBgn0265966,10.155085440572796,-2.4622069316754542,0.1236863384375297,0.8625172805091849
FBgn0025391,5.53610359303094,-2.435050208661703,0.3344982952249557,0.8625172805091849
FBgn0025631,31.006649191578692,-2.3197979980136396,0.20866645000157352,0.8625172805091849
FBgn0085362,3.7200001858316534,2.6107018703955545,0.3081567944965567,0.8625172805091849
FBgn0000092,3.5694620102650596,3.0248380803822115,0.16838812175668072,0.8625172805091849
FBgn0029647,4.0758006148469805,-2.4134731840156145,0.38257357931975944,0.8625172805091849
FBgn0029649,17.75004964965742,-5.1898284837686255,0.3494650492711759,0.8625172805091849
FBgn0010294,3.9540028154571334,-3.155102470080072,0.3739009663000589,0.8625172805091849
FBgn0264954,3.4915714728745937,-2.99695684413617,0.11586842820162523,0.8625172805091849
FBgn0028491,1403.5863066777129,-2.3687933042185603,0.2160054209085092,0.8625172805091849
FBgn0267037,6.970800447969857,2.332729218725222,0.07204920072049063,0.8625172805091849
FBgn0052774,6.3029556461405365,-3.7661616830681464,0.13214515354984846,0.8625172805091849
FBgn0263511,7.531064552784809,-2.1720794120847575,0.17933234046184407,0.8625172805091849
FBgn0029804,33.61224439166842,-3.1470296976128327,0.14509822795693206,0.8625172805091849
FBgn0029863,6.507711729189979,-2.4036091065299208,0.07859102051149422,0.8625172805091849
FBgn0086693,4.309636990618818,-2.1115409393619387,0.014309634744884482,0.8625172805091849
FBgn0004198,122.71028746917898,-3.7439648916414403,0.28784003493480637,0.8625172805091849
FBgn0029962,28.15078647079153,-2.6758546291961496,0.19726116145583053,0.8625172805091849
FBgn0259188,3.33462345532546,-2.939084917804946,0.17749598570301922,0.8625172805091849
FBgn0030102,6.1049437914398865,-3.7235462840828557,0.23439725409480014,0.8625172805091849
FBgn0030108,3.9563871419503474,-2.372587554684496,0.0753641624385827,0.8625172805091849
FBgn0000233,19.858218199328398,-2.336719896065546,0.4311464085538506,0.8625172805091849
FBgn0040942,137.4383706264151,-2.5169833041227205,0.13377783775865396,0.8625172805091849
FBgn0040850,4.292469624657526,-2.833632059341685,0.026987570423936263,0.8625172805091849
FBgn0259241,21.72892070545841,-2.83949542338725,0.12487972752147233,0.8625172805091849
FBgn0030358,6.260504457807127,-3.7571309020730177,0.373900966300059,0.8625172805091849
FBgn0052657,6.347266004858014,-2.1059215978957986,0.2595516578579327,0.8625172805091849
FBgn0030375,7.479243033092587,-2.610078234696601,0.23672775604052287,0.8625172805091849
FBgn0030376,4.327516459796612,-2.367038846980821,0.33150120270792316,0.8625172805091849
FBgn0030394,3.5992964037551256,-2.2429188132429028,0.3474706998659418,0.8625172805091849
FBgn0086675,7.212591149300722,-2.2361342155487907,0.23848982007761244,0.8625172805091849
FBgn0261085,7.342803142976955,-2.3286941511352395,0.0035628846636646012,0.7920498790003028
FBgn0265416,4.336105680463102,-2.0492686653080456,0.35112328539056276,0.8625172805091849
FBgn0030508,8.64732798826343,-2.0440115831844987,0.011072387742507473,0.8625172805091849
FBgn0030525,7.692018373914384,-2.3655207711823736,0.06462029107384032,0.8625172805091849
FBgn0015774,24.783625357182462,-2.4135112483768064,0.002882180168539367,0.7808306439934569
FBgn0003132,12.249114048118377,-2.7728370000157914,0.012199597309505126,0.8625172805091849
FBgn0265596,8.858993391818437,-2.4334386210979635,0.16496850339659191,0.8625172805091849
FBgn0030715,10.168603687959672,-2.2320451784687925,0.43422552968107253,0.8625172805091849
FBgn0030716,108.62277663215407,-2.205228656091166,0.02427279105612333,0.8625172805091849
FBgn0030725,5.3073409804197755,-3.53787774496163,0.07205723870321597,0.8625172805091849
FBgn0030836,4.100995716555873,-3.2019461133186895,0.3739009663000589,0.8625172805091849
FBgn0030859,82.93293543730022,-2.3386887428842327,0.030642397261130452,0.8625172805091849
FBgn0283471,6.986391107714026,-2.509029899185939,0.0479407275252241,0.8625172805091849
FBgn0030926,11.263401451686123,-2.224150681602564,0.010199516380424498,0.8625172805091849
FBgn0047095,3.365864391820413,2.0919525495861184,0.0773557344851031,0.8625172805091849
FBgn0030993,5.9599599271980095,-3.6915252155365343,0.07882139024232032,0.8625172805091849
FBgn0031012,3.95833030423275,-2.6698865049617395,0.21705341104244444,0.8625172805091849
FBgn0031031,15.850675737504337,-2.384179811636487,0.14231112623755493,0.8625172805091849
FBgn0031055,9.170268389065784,-2.134373538901378,0.025446873435257835,0.8625172805091849
FBgn0031081,6.288805250029401,-3.763157699430135,0.1949394957293907,0.8625172805091849
FBgn0260871,10.56468394625836,-2.1672044955097336,0.19708479136056248,0.8625172805091849
FBgn0031100,27.21815166138886,-2.840989571925019,0.11316491512000475,0.8625172805091849
FBgn0052506,13.062668759115676,-3.7815867765681803,0.015203626134218703,0.8625172805091849
FBgn0085387,56.51299940467985,2.7141543244349897,0.08390175391457881,0.8625172805091849
FBgn0024251,5.1697022701490605,-2.6523595013907784,0.08645512871990882,0.8625172805091849
FBgn0044872,7.621920998961212,-2.2463766949567803,0.1261470396253455,0.8625172805091849
FBgn0265074,3.3119828215476415,-2.930541617851247,0.17356130869065672,0.8625172805091849
FBgn0031240,8.287866570070385,-2.856816612664994,0.15222058454097867,0.8625172805091849
FBgn0010323,10.260785485924538,-2.517610106507782,0.033487397058461155,0.8625172805091849
FBgn0284247,24.471396498193595,-2.2612898486571265,0.03283473344621602,0.8625172805091849
FBgn0031375,4.66864384249599,2.5329381018822885,0.4096756122344484,0.8625172805091849
FBgn0004242,8.017325914327442,-2.700135702770885,0.10284487283045636,0.8625172805091849
FBgn0031465,4.136399395262935,-3.21300485037077,0.13023346760732393,0.8625172805091849
FBgn0031468,37.65833592343557,5.501073388213531,0.34722111395224947,0.8625172805091849
FBgn0031512,7.285049917175311,-2.8686080995245806,0.052818133958761206,0.8625172805091849
FBgn0031515,4.007774320679452,-3.1724152895592455,0.23406995747402393,0.8625172805091849
FBgn0031516,31.272261089850485,-3.0228685302761287,0.04461141722576294,0.8625172805091849
FBgn0031517,3.831703886479829,-3.1149346242693197,0.15331581576774972,0.8625172805091849
FBgn0031526,6.086584559618835,2.122161976129892,0.08509060594101975,0.8625172805091849
FBgn0031530,3.3431136929921426,-2.942275657090206,0.2736085032653882,0.8625172805091849
FBgn0014396,8.466545208660646,-3.0559681939267827,0.027367611917122482,0.8625172805091849
FBgn0031550,14.66334904650784,-3.3869123640058647,0.11121983167660389,0.8625172805091849
FBgn0014033,12.730533761058885,-4.277367377820199,0.3452723734208909,0.8625172805091849
FBgn0011603,10.178361047404115,-2.005618417953887,0.12414286705896431,0.8625172805091849
FBgn0085380,4.980146481946534,-2.5639578768748077,0.36199598735255867,0.8625172805091849
FBgn0083960,5.001983854288654,-2.9623574048887837,0.08719187694120062,0.8625172805091849
FBgn0031689,8.007751284690881,-2.0899433001970404,0.23936387850716337,0.8625172805091849
FBgn0031693,7.165456361020428,-2.1050478836644158,0.09658507761773583,0.8625172805091849
FBgn0001089,5.359752904610098,2.43325422900901,0.39601919537193425,0.8625172805091849
FBgn0031762,5.125186785790062,-2.730255367600517,0.11479626771324397,0.8625172805091849
FBgn0051642,57.02027913058871,-2.643454488066308,0.2688801095703884,0.8625172805091849
FBgn0011722,11.633620676157298,-2.0969253217473045,0.1510219480950348,0.8625172805091849
FBgn0031816,50.60893678302795,-2.8373263846713366,0.09210874888195528,0.8625172805091849
FBgn0025595,8.516057753369514,2.4311011090197403,0.07437160148917671,0.8625172805091849
FBgn0031854,6.20752516800422,3.3007176001934155,0.3858709525540588,0.8625172805091849
FBgn0015777,71.41166909885396,-2.738310231963495,0.05840190859464446,0.8625172805091849
FBgn0031913,4.602414711857547,-2.8719113845725968,0.39136188736223093,0.8625172805091849
FBgn0031926,4.324098983757688,-2.494949381957284,0.40858218094213933,0.8625172805091849
FBgn0031955,3.8120912979238546,-2.2275845341181433,0.35681101959419365,0.8625172805091849
FBgn0051606,232.81711318166717,-3.842831073607726,0.1761905176551278,0.8625172805091849
FBgn0032094,5.161421073853684,-2.0576575541075406,0.27327252228958726,0.8625172805091849
FBgn0000640,4.138563487323439,-3.2136780875534727,0.18487645492882404,0.8625172805091849
FBgn0032209,17.722605211199326,-2.233761427974044,0.19134995441609864,0.8625172805091849
FBgn0032253,4.485732335183331,-3.3178054321536954,0.04466038343585189,0.8625172805091849
FBgn0032264,3.402545401825511,2.102301582086166,0.1509042880245852,0.8625172805091849
FBgn0051721,18.823920550524896,-3.195554297616995,0.041150400141984844,0.8625172805091849
FBgn0032276,5.1315572328829955,-2.7319809162882334,0.1718584941222378,0.8625172805091849
FBgn0032311,5.698023631119426,-2.4767896453041653,0.2906219795725756,0.8625172805091849
FBgn0015400,28.49238229695074,-2.7362544665011748,0.2698784378551767,0.8625172805091849
FBgn0051760,13.59953134287173,-2.0148646145388738,0.08324651781080325,0.8625172805091849
FBgn0051862,3.7166273373316208,-2.154648278857953,0.4257418002451357,0.8625172805091849
FBgn0085424,37.63950089856708,2.6113487958313546,0.20660048835310205,0.8625172805091849
FBgn0040510,4.204686156135151,2.773555987960068,0.2638166628289975,0.8625172805091849
FBgn0028410,3.946189640323864,-3.152569483974443,0.11901464556221909,0.8625172805091849
FBgn0032484,7.71602394043083,-2.035967548943964,0.2994319743684147,0.8625172805091849
FBgn0032522,3.4056905028356894,2.1081092015916574,0.05862620857536118,0.8625172805091849
FBgn0267243,3.4781313654119366,-2.992090917473606,0.0003539484459378854,0.5474410242951804
FBgn0266308,4.149272498563677,-2.7327828347652816,0.13086312927489055,0.8625172805091849
FBgn0028949,3.854344520257648,-3.1224555595710455,0.373900966300059,0.8625172805091849
FBgn0013433,22.295866826254912,-3.386557957311771,0.3591800354239267,0.8625172805091849
FBgn0040262,6.361960309334198,-2.317624121820771,0.059138413868332566,0.8625172805091849
FBgn0032614,9.782716630220737,-3.5527842248574486,0.19834552120544657,0.8625172805091849
FBgn0032660,6.819873152407585,-3.386465145155879,0.09004148120604054,0.8625172805091849
FBgn0032706,35.208461412183034,-2.280051808431966,0.3703153881463476,0.8625172805091849
FBgn0045852,4.312298551322051,2.103591470374977,0.34375805249554325,0.8625172805091849
FBgn0032719,4.20089605225628,-2.7268813065267676,0.3675346404452383,0.8625172805091849
FBgn0015380,149.93264965363332,-2.427760010939679,0.17035429465073126,0.8625172805091849
FBgn0032770,19.676499231106998,-2.9243103607220107,0.15728014713353045,0.8625172805091849
FBgn0032780,5.735966479226984,2.8319809500661397,0.24798629162662902,0.8625172805091849
FBgn0032809,6.330919930970187,-2.362639705303206,0.014078195307311591,0.8625172805091849
FBgn0032850,60.61314422735117,-2.7408297399222583,0.0020383034065560046,0.7344751675069051
FBgn0067312,3.5705651401621687,2.176155260143154,0.03425718366334202,0.8625172805091849
FBgn0032908,4.519005147944958,-3.327401425856508,0.3254212467590408,0.8625172805091849
FBgn0026255,5.4565311996940835,-3.5744724182906724,2.7621388556054416e-05,0.2693914025871987
FBgn0032981,3.4517496381422816,-2.5453283869315437,0.3261530912840262,0.8625172805091849
FBgn0264793,14.360550067664903,2.750726516589532,0.2587923954974869,0.8625172805091849
FBgn0266616,6.043260765979698,2.335563022368127,0.0487280971979075,0.8625172805091849
